id,sia_e,ssa_e,tefo,ppq,pseudo_plastic_uthreshold,phi_min,z_min,z_max,sliding_law,eigen_K
0.16,1.0116796,0.58804154,0.034180384,0.4012984,39.8183,14.00039624,-617.01404,252.87538719999998,pseudo_plastic,10000000000000.0
0.5,1.0132815,0.619248475,0.03904332,0.4765882,64.49516,16.27197,-498.438885,359.36954000000003,pseudo_plastic,10000000000000.0
0.84,1.0163183,0.6513677416,0.04515708328,0.52633464,103.56113,18.71315,-402.64508,484.60504,pseudo_plastic,10000000000000.0
