id,sia_e,ssa_e,ppq,tefo,phi_min,z_min,z_max,pseudo_plastic_uthreshold,sliding_law,eigen_K
0,1.0630387931034484,0.7367995689655172,0.5521012931034484,0.0375,20.684267241379313,-431.573275862069,431.57327586206895,93.15732758620689,pseudo_plastic,10000000000000.0
