id,sia_e,ssa_e,ppq,tefo,phi_min,z_min,z_max,pseudo_plastic_uthreshold
0,1.0630387931034484,0.7367995689655172,0.5281519396551724,0.039039601293103444,20.0,-397.3599137931035,500.0,86.3146551724138
